QHmDEFLosSA,u4aJvxfPGLg
QHmDEFLosSA,0py8BvdfG6E
QHmDEFLosSA,LNhTFYZQb3A
QHmDEFLosSA,OEfbaQAt_t0
QHmDEFLosSA,alTwGsh-Xno
QHmDEFLosSA,iO8m2TMgEhY
QHmDEFLosSA,5LYtrbOwq0k
QHmDEFLosSA,o0Z-7ZlI2g4
QHmDEFLosSA,YR-ANVDa33o
QHmDEFLosSA,vfElabU9rKQ
QHmDEFLosSA,sqJeESvl_ws
QHmDEFLosSA,zbNWCv2tmYo
QHmDEFLosSA,trfXQvN0H8c
QHmDEFLosSA,Xx5v7IY1sDA
QHmDEFLosSA,kwa6dq2N7JM
QHmDEFLosSA,w5vNE0_E0TY
QHmDEFLosSA,UvyemMowBl4
u4aJvxfPGLg,OEfbaQAt_t0
u4aJvxfPGLg,trfXQvN0H8c
u4aJvxfPGLg,kwa6dq2N7JM
u4aJvxfPGLg,0pV7OSrKxQY
u4aJvxfPGLg,3BCDoiwfDFA
u4aJvxfPGLg,mG_7BB85ZTk
u4aJvxfPGLg,0py8BvdfG6E
u4aJvxfPGLg,tZGmZmSzGYc
u4aJvxfPGLg,gkyoePnAuF8
u4aJvxfPGLg,dV3zFtIAjMI
u4aJvxfPGLg,EJcrlhejbyw
u4aJvxfPGLg,rOnIpoJ1Ygw
OEfbaQAt_t0,kwa6dq2N7JM
OEfbaQAt_t0,rOnIpoJ1Ygw
OEfbaQAt_t0,P9EdMdRGR_0
OEfbaQAt_t0,V0xPK96CVCA
OEfbaQAt_t0,tZGmZmSzGYc
OEfbaQAt_t0,YR-ANVDa33o
OEfbaQAt_t0,0py8BvdfG6E
OEfbaQAt_t0,o0Z-7ZlI2g4
OEfbaQAt_t0,iO8m2TMgEhY
OEfbaQAt_t0,lEFLsmp6GFA
OEfbaQAt_t0,9MwrVbvHZdU
OEfbaQAt_t0,3BCDoiwfDFA
OEfbaQAt_t0,eOOIoY2oVsw
OEfbaQAt_t0,RAP0rVscN5M
OEfbaQAt_t0,zO2xtuBsWqo
OEfbaQAt_t0,trfXQvN0H8c
OEfbaQAt_t0,EJcrlhejbyw
OEfbaQAt_t0,zbNWCv2tmYo
OEfbaQAt_t0,5LYtrbOwq0k
OEfbaQAt_t0,gkyoePnAuF8
OEfbaQAt_t0,dV3zFtIAjMI
kwa6dq2N7JM,QrEUokvKCuQ
kwa6dq2N7JM,w5vNE0_E0TY
kwa6dq2N7JM,trfXQvN0H8c
kwa6dq2N7JM,YR-ANVDa33o
kwa6dq2N7JM,vfElabU9rKQ
kwa6dq2N7JM,sz4XxAAbXHM
kwa6dq2N7JM,o0Z-7ZlI2g4
kwa6dq2N7JM,gkyoePnAuF8
kwa6dq2N7JM,XLwQg5JJLjA
kwa6dq2N7JM,alTwGsh-Xno
kwa6dq2N7JM,lEFLsmp6GFA
kwa6dq2N7JM,rOnIpoJ1Ygw
kwa6dq2N7JM,iO8m2TMgEhY
kwa6dq2N7JM,-WviD49kIZE
kwa6dq2N7JM,8FzaXYEjQAU
kwa6dq2N7JM,Xx5v7IY1sDA
rOnIpoJ1Ygw,o0Z-7ZlI2g4
rOnIpoJ1Ygw,lEFLsmp6GFA
rOnIpoJ1Ygw,1yeX-jXG0n0
rOnIpoJ1Ygw,aTTRT41kKRk
rOnIpoJ1Ygw,SQJaAVx4OXU
rOnIpoJ1Ygw,Xx5v7IY1sDA
rOnIpoJ1Ygw,S0BV5qy-H0g
rOnIpoJ1Ygw,eOOIoY2oVsw
rOnIpoJ1Ygw,0py8BvdfG6E
V0xPK96CVCA,zIXe1UxUrOw
V0xPK96CVCA,lEFLsmp6GFA
tZGmZmSzGYc,0pV7OSrKxQY
tZGmZmSzGYc,o0Z-7ZlI2g4
tZGmZmSzGYc,RAP0rVscN5M
tZGmZmSzGYc,Xx5v7IY1sDA
tZGmZmSzGYc,dV3zFtIAjMI
tZGmZmSzGYc,5LYtrbOwq0k
tZGmZmSzGYc,iO8m2TMgEhY
tZGmZmSzGYc,-3AfCwgcH5I
tZGmZmSzGYc,6_p3rXnYE3Y
tZGmZmSzGYc,uZJViaajQWE
tZGmZmSzGYc,0py8BvdfG6E
tZGmZmSzGYc,iz3gCjfjzDI
tZGmZmSzGYc,vfElabU9rKQ
tZGmZmSzGYc,vQoED1RFTnc
tZGmZmSzGYc,1gu1q3T_I8s
tZGmZmSzGYc,QrEUokvKCuQ
tZGmZmSzGYc,qaMF9vFQzNA
tZGmZmSzGYc,trfXQvN0H8c
tZGmZmSzGYc,yMG8ZaX4sXA
tZGmZmSzGYc,3BCDoiwfDFA
tZGmZmSzGYc,eOOIoY2oVsw
tZGmZmSzGYc,LNhTFYZQb3A
tZGmZmSzGYc,zbNWCv2tmYo
YR-ANVDa33o,0pV7OSrKxQY
YR-ANVDa33o,dV3zFtIAjMI
YR-ANVDa33o,o0Z-7ZlI2g4
YR-ANVDa33o,Bfqt8BwOH-8
YR-ANVDa33o,XLwQg5JJLjA
YR-ANVDa33o,TBXOLLf2YBw
YR-ANVDa33o,trfXQvN0H8c
YR-ANVDa33o,w5vNE0_E0TY
YR-ANVDa33o,aE0cD3D6Dvs
YR-ANVDa33o,ohnz76hs7Bg
YR-ANVDa33o,CafbUXGOQFc
YR-ANVDa33o,iO8m2TMgEhY
YR-ANVDa33o,eOOIoY2oVsw
YR-ANVDa33o,kvQToWGBoNk
YR-ANVDa33o,0py8BvdfG6E
YR-ANVDa33o,4YW4QSyg32o
YR-ANVDa33o,8FzaXYEjQAU
YR-ANVDa33o,tB1RJcIyQqc
YR-ANVDa33o,yMG8ZaX4sXA
YR-ANVDa33o,1gu1q3T_I8s
YR-ANVDa33o,BvvhBzWgE-4
0py8BvdfG6E,0pV7OSrKxQY
0py8BvdfG6E,3BCDoiwfDFA
0py8BvdfG6E,1gu1q3T_I8s
0py8BvdfG6E,_2PspWe17Iw
0py8BvdfG6E,EJcrlhejbyw
0py8BvdfG6E,CafbUXGOQFc
0py8BvdfG6E,BvvhBzWgE-4
0py8BvdfG6E,trfXQvN0H8c
0py8BvdfG6E,uZJViaajQWE
0py8BvdfG6E,-2kZMfm1jlE
0py8BvdfG6E,dV3zFtIAjMI
0py8BvdfG6E,fu9__50sqO4
0py8BvdfG6E,zbNWCv2tmYo
0py8BvdfG6E,o0Z-7ZlI2g4
0py8BvdfG6E,RAP0rVscN5M
0py8BvdfG6E,kvQToWGBoNk
0py8BvdfG6E,gkyoePnAuF8
0py8BvdfG6E,-3AfCwgcH5I
0py8BvdfG6E,w5vNE0_E0TY
0py8BvdfG6E,Xx5v7IY1sDA
o0Z-7ZlI2g4,gkyoePnAuF8
o0Z-7ZlI2g4,dV3zFtIAjMI
o0Z-7ZlI2g4,zbNWCv2tmYo
o0Z-7ZlI2g4,LNhTFYZQb3A
o0Z-7ZlI2g4,1gu1q3T_I8s
o0Z-7ZlI2g4,wSMkKQFOOfs
o0Z-7ZlI2g4,_nRIKcagh_0
o0Z-7ZlI2g4,zO2xtuBsWqo
o0Z-7ZlI2g4,XLwQg5JJLjA
o0Z-7ZlI2g4,uZJViaajQWE
o0Z-7ZlI2g4,iO8m2TMgEhY
o0Z-7ZlI2g4,lEFLsmp6GFA
o0Z-7ZlI2g4,bJkx-gGlfkU
o0Z-7ZlI2g4,CpI_LDx5mX4
o0Z-7ZlI2g4,eOOIoY2oVsw
o0Z-7ZlI2g4,8FzaXYEjQAU
o0Z-7ZlI2g4,3BCDoiwfDFA
o0Z-7ZlI2g4,0pV7OSrKxQY
o0Z-7ZlI2g4,ljw-LkPpD3Y
o0Z-7ZlI2g4,EJcrlhejbyw
o0Z-7ZlI2g4,_2PspWe17Iw
o0Z-7ZlI2g4,5LYtrbOwq0k
o0Z-7ZlI2g4,r67zVQK7zE0
o0Z-7ZlI2g4,57k13lnC4Y0
o0Z-7ZlI2g4,QrEUokvKCuQ
o0Z-7ZlI2g4,fu9__50sqO4
iO8m2TMgEhY,0pV7OSrKxQY
iO8m2TMgEhY,3BCDoiwfDFA
iO8m2TMgEhY,alTwGsh-Xno
iO8m2TMgEhY,eOOIoY2oVsw
iO8m2TMgEhY,trfXQvN0H8c
iO8m2TMgEhY,AqM_oMqFB3Q
iO8m2TMgEhY,gkyoePnAuF8
iO8m2TMgEhY,S0BV5qy-H0g
iO8m2TMgEhY,w5vNE0_E0TY
iO8m2TMgEhY,L2eWM4-wj_w
iO8m2TMgEhY,8FzaXYEjQAU
iO8m2TMgEhY,kvQToWGBoNk
iO8m2TMgEhY,EJcrlhejbyw
iO8m2TMgEhY,uZJViaajQWE
iO8m2TMgEhY,dV3zFtIAjMI
iO8m2TMgEhY,wgKlFNGU174
iO8m2TMgEhY,5LYtrbOwq0k
iO8m2TMgEhY,wSMkKQFOOfs
iO8m2TMgEhY,vfElabU9rKQ
trfXQvN0H8c,RAP0rVscN5M
trfXQvN0H8c,8FzaXYEjQAU
trfXQvN0H8c,CafbUXGOQFc
trfXQvN0H8c,-3AfCwgcH5I
trfXQvN0H8c,GW4dHZ2R9tw
trfXQvN0H8c,-WviD49kIZE
trfXQvN0H8c,0pV7OSrKxQY
trfXQvN0H8c,dV3zFtIAjMI
trfXQvN0H8c,DdhqGGLI1JE
trfXQvN0H8c,gkyoePnAuF8
trfXQvN0H8c,mG_7BB85ZTk
trfXQvN0H8c,alTwGsh-Xno
trfXQvN0H8c,vfElabU9rKQ
trfXQvN0H8c,aWf7nRjRh2c
trfXQvN0H8c,w5vNE0_E0TY
trfXQvN0H8c,uZJViaajQWE
trfXQvN0H8c,EJcrlhejbyw
trfXQvN0H8c,kvQToWGBoNk
trfXQvN0H8c,L2eWM4-wj_w
trfXQvN0H8c,wgKlFNGU174
trfXQvN0H8c,eOOIoY2oVsw
trfXQvN0H8c,fu9__50sqO4
trfXQvN0H8c,thdn22v0b7k
trfXQvN0H8c,cp6fTSclu6Y
RAP0rVscN5M,fu9__50sqO4
RAP0rVscN5M,alTwGsh-Xno
RAP0rVscN5M,vfElabU9rKQ
RAP0rVscN5M,dV3zFtIAjMI
RAP0rVscN5M,EJcrlhejbyw
RAP0rVscN5M,8FzaXYEjQAU
RAP0rVscN5M,XLwQg5JJLjA
RAP0rVscN5M,eOOIoY2oVsw
RAP0rVscN5M,3MiKIbdNRGk
RAP0rVscN5M,0pV7OSrKxQY
RAP0rVscN5M,uZJViaajQWE
RAP0rVscN5M,3BCDoiwfDFA
RAP0rVscN5M,lEFLsmp6GFA
RAP0rVscN5M,_2PspWe17Iw
RAP0rVscN5M,gkyoePnAuF8
RAP0rVscN5M,kvQToWGBoNk
RAP0rVscN5M,BvvhBzWgE-4
RAP0rVscN5M,w5vNE0_E0TY
RAP0rVscN5M,Xx5v7IY1sDA
RAP0rVscN5M,zbNWCv2tmYo
RAP0rVscN5M,QSkV8-0m0SM
8FzaXYEjQAU,0pV7OSrKxQY
8FzaXYEjQAU,gkyoePnAuF8
8FzaXYEjQAU,dV3zFtIAjMI
8FzaXYEjQAU,alTwGsh-Xno
8FzaXYEjQAU,uZJViaajQWE
8FzaXYEjQAU,eOOIoY2oVsw
8FzaXYEjQAU,BvvhBzWgE-4
8FzaXYEjQAU,BdtA149h7l0
8FzaXYEjQAU,w5vNE0_E0TY
8FzaXYEjQAU,fJyqcV4YYSU
8FzaXYEjQAU,aWf7nRjRh2c
8FzaXYEjQAU,kvQToWGBoNk
8FzaXYEjQAU,vfElabU9rKQ
8FzaXYEjQAU,L2eWM4-wj_w
8FzaXYEjQAU,-3AfCwgcH5I
8FzaXYEjQAU,EJcrlhejbyw
8FzaXYEjQAU,DdhqGGLI1JE
8FzaXYEjQAU,3BCDoiwfDFA
8FzaXYEjQAU,FoRhug4hQiU
CafbUXGOQFc,P0FAaVkn10E
CafbUXGOQFc,bAS5RNTms98
CafbUXGOQFc,BvvhBzWgE-4
CafbUXGOQFc,zO2xtuBsWqo
CafbUXGOQFc,_2PspWe17Iw
CafbUXGOQFc,XLwQg5JJLjA
CafbUXGOQFc,EJcrlhejbyw
CafbUXGOQFc,1gu1q3T_I8s
CafbUXGOQFc,6-GK7yJ3QQU
CafbUXGOQFc,kvQToWGBoNk
CafbUXGOQFc,-3AfCwgcH5I
-3AfCwgcH5I,gkyoePnAuF8
-3AfCwgcH5I,EJcrlhejbyw
-3AfCwgcH5I,aWf7nRjRh2c
-3AfCwgcH5I,L2eWM4-wj_w
-3AfCwgcH5I,qGnEd7RcdOw
-3AfCwgcH5I,uZJViaajQWE
-3AfCwgcH5I,UQGzWDJnqP0
-3AfCwgcH5I,mHezIFqgCOQ
-3AfCwgcH5I,_2PspWe17Iw
-3AfCwgcH5I,o_ouo_PJxkw
-WviD49kIZE,dV3zFtIAjMI
-WviD49kIZE,oU6dsY0bJEg
-WviD49kIZE,FrxYuphjqq8
-WviD49kIZE,1h7RCGoZKG8
-WviD49kIZE,RDSLo3lcIuY
-WviD49kIZE,79eXL1x6vbU
-WviD49kIZE,4YW4QSyg32o
-WviD49kIZE,ybadhoHjH4Q
-WviD49kIZE,XLwQg5JJLjA
0pV7OSrKxQY,zO2xtuBsWqo
0pV7OSrKxQY,XLwQg5JJLjA
0pV7OSrKxQY,O4ALATo9NCM
0pV7OSrKxQY,3BCDoiwfDFA
0pV7OSrKxQY,zbNWCv2tmYo
0pV7OSrKxQY,LNhTFYZQb3A
0pV7OSrKxQY,xjksGrapobQ
0pV7OSrKxQY,M5gAnFN1k7E
0pV7OSrKxQY,EJcrlhejbyw
0pV7OSrKxQY,sqJeESvl_ws
0pV7OSrKxQY,gkyoePnAuF8
0pV7OSrKxQY,hFlG3QfEzvo
0pV7OSrKxQY,S0BV5qy-H0g
0pV7OSrKxQY,vfElabU9rKQ
0pV7OSrKxQY,ljw-LkPpD3Y
0pV7OSrKxQY,5pShcwWlmew
0pV7OSrKxQY,ogMaNZfexgE
0pV7OSrKxQY,uZJViaajQWE
0pV7OSrKxQY,_2PspWe17Iw
0pV7OSrKxQY,w5vNE0_E0TY
dV3zFtIAjMI,kvQToWGBoNk
dV3zFtIAjMI,bAS5RNTms98
dV3zFtIAjMI,6_p3rXnYE3Y
dV3zFtIAjMI,eOOIoY2oVsw
dV3zFtIAjMI,lM4V1pS6T2Y
dV3zFtIAjMI,XLwQg5JJLjA
dV3zFtIAjMI,gkyoePnAuF8
dV3zFtIAjMI,mfLm6Z9oiTY
dV3zFtIAjMI,yMG8ZaX4sXA
dV3zFtIAjMI,79eXL1x6vbU
gkyoePnAuF8,EJcrlhejbyw
gkyoePnAuF8,XLwQg5JJLjA
gkyoePnAuF8,iz3gCjfjzDI
gkyoePnAuF8,3BCDoiwfDFA
gkyoePnAuF8,uZJViaajQWE
gkyoePnAuF8,ljw-LkPpD3Y
gkyoePnAuF8,fJyqcV4YYSU
gkyoePnAuF8,zIXe1UxUrOw
gkyoePnAuF8,ochjxQmeaYs
gkyoePnAuF8,jJPvRo8xeIE
gkyoePnAuF8,L2eWM4-wj_w
gkyoePnAuF8,ACaoKHoYzRk
gkyoePnAuF8,E5b9TeunwMw
gkyoePnAuF8,JtpmZ39ffTY
gkyoePnAuF8,72mo70CeSHE
gkyoePnAuF8,FoRhug4hQiU
QrEUokvKCuQ,3BCDoiwfDFA
QrEUokvKCuQ,zIXe1UxUrOw
QrEUokvKCuQ,lEFLsmp6GFA
w5vNE0_E0TY,alTwGsh-Xno
w5vNE0_E0TY,L2eWM4-wj_w
w5vNE0_E0TY,S2ZYHQm9LJI
w5vNE0_E0TY,thdn22v0b7k
w5vNE0_E0TY,O4ALATo9NCM
w5vNE0_E0TY,ljw-LkPpD3Y
w5vNE0_E0TY,QSkV8-0m0SM
w5vNE0_E0TY,mfLm6Z9oiTY
w5vNE0_E0TY,-4He9rS25CE
w5vNE0_E0TY,j4Xp8IpVa-o
w5vNE0_E0TY,RDSLo3lcIuY
w5vNE0_E0TY,5LYtrbOwq0k
w5vNE0_E0TY,QIv1KLtEITg
w5vNE0_E0TY,UvyemMowBl4
w5vNE0_E0TY,cp6fTSclu6Y
w5vNE0_E0TY,L2wonwbmTzE
vfElabU9rKQ,LNhTFYZQb3A
vfElabU9rKQ,EJcrlhejbyw
vfElabU9rKQ,Mklf_CK2Vvw
vfElabU9rKQ,L2wonwbmTzE
vfElabU9rKQ,sqJeESvl_ws
vfElabU9rKQ,-4He9rS25CE
vfElabU9rKQ,ldBewApRLww
vfElabU9rKQ,7eGwBTGLq44
vfElabU9rKQ,3BCDoiwfDFA
vfElabU9rKQ,ljw-LkPpD3Y
vfElabU9rKQ,kzToJYykCdA
vfElabU9rKQ,zIXe1UxUrOw
vfElabU9rKQ,UUD37YbbV3U
vfElabU9rKQ,uZJViaajQWE
zO2xtuBsWqo,aWf7nRjRh2c
zO2xtuBsWqo,_2PspWe17Iw
zO2xtuBsWqo,BvvhBzWgE-4
XLwQg5JJLjA,3BCDoiwfDFA
XLwQg5JJLjA,EJcrlhejbyw
XLwQg5JJLjA,eOOIoY2oVsw
XLwQg5JJLjA,Xx5v7IY1sDA
3BCDoiwfDFA,zIXe1UxUrOw
3BCDoiwfDFA,alTwGsh-Xno
3BCDoiwfDFA,jJPvRo8xeIE
3BCDoiwfDFA,5LYtrbOwq0k
3BCDoiwfDFA,eOOIoY2oVsw
3BCDoiwfDFA,EJcrlhejbyw
3BCDoiwfDFA,j4Xp8IpVa-o
3BCDoiwfDFA,thdn22v0b7k
zIXe1UxUrOw,hRHkvfXrGfQ
zIXe1UxUrOw,EJcrlhejbyw
zIXe1UxUrOw,uZJViaajQWE
zIXe1UxUrOw,9VdYvW-R9r8
zIXe1UxUrOw,ldJ3GtzMwEA
zIXe1UxUrOw,fJyqcV4YYSU
zIXe1UxUrOw,mHezIFqgCOQ
alTwGsh-Xno,LNhTFYZQb3A
alTwGsh-Xno,wgKlFNGU174
alTwGsh-Xno,ldBewApRLww
alTwGsh-Xno,Xx5v7IY1sDA
alTwGsh-Xno,j4Xp8IpVa-o
alTwGsh-Xno,zbNWCv2tmYo
alTwGsh-Xno,mfLm6Z9oiTY
alTwGsh-Xno,HRSN5Ygj8es
alTwGsh-Xno,RDSLo3lcIuY
alTwGsh-Xno,fu9__50sqO4
alTwGsh-Xno,thdn22v0b7k
jJPvRo8xeIE,ep4Zs9PxUc0
jJPvRo8xeIE,L2wonwbmTzE
5LYtrbOwq0k,zbNWCv2tmYo
5LYtrbOwq0k,LNhTFYZQb3A
5LYtrbOwq0k,fu9__50sqO4
5LYtrbOwq0k,Xt7tfAYxrdY
5LYtrbOwq0k,L2eWM4-wj_w
eOOIoY2oVsw,mG_7BB85ZTk
eOOIoY2oVsw,EJcrlhejbyw
eOOIoY2oVsw,ohnz76hs7Bg
eOOIoY2oVsw,L2eWM4-wj_w
eOOIoY2oVsw,RDSLo3lcIuY
mG_7BB85ZTk,-QWd4UIZlXM
mG_7BB85ZTk,ohnz76hs7Bg
mG_7BB85ZTk,o-BeULga6MQ
mG_7BB85ZTk,Bfqt8BwOH-8
mG_7BB85ZTk,tB1RJcIyQqc
mG_7BB85ZTk,UQGzWDJnqP0
mG_7BB85ZTk,EJcrlhejbyw
mG_7BB85ZTk,M8gISYjQHFk
Bfqt8BwOH-8,BvvhBzWgE-4
tB1RJcIyQqc,zbNWCv2tmYo
tB1RJcIyQqc,lEFLsmp6GFA
tB1RJcIyQqc,aWf7nRjRh2c
tB1RJcIyQqc,_2PspWe17Iw
EJcrlhejbyw,iz3gCjfjzDI
EJcrlhejbyw,ovtaWTQvzZY
EJcrlhejbyw,uZJViaajQWE
EJcrlhejbyw,ljw-LkPpD3Y
EJcrlhejbyw,aWf7nRjRh2c
EJcrlhejbyw,L2eWM4-wj_w
EJcrlhejbyw,o_ouo_PJxkw
1gu1q3T_I8s,fu9__50sqO4
1gu1q3T_I8s,uZJViaajQWE
_2PspWe17Iw,aWf7nRjRh2c
_2PspWe17Iw,P0FAaVkn10E
_2PspWe17Iw,6_p3rXnYE3Y
_2PspWe17Iw,fJyqcV4YYSU
_2PspWe17Iw,BvvhBzWgE-4
BvvhBzWgE-4,uZJViaajQWE
BvvhBzWgE-4,kvQToWGBoNk
BvvhBzWgE-4,P0FAaVkn10E
uZJViaajQWE,P0FAaVkn10E
uZJViaajQWE,GzpMWKkQF2M
uZJViaajQWE,fJyqcV4YYSU
uZJViaajQWE,-2kZMfm1jlE
uZJViaajQWE,6_p3rXnYE3Y
uZJViaajQWE,lEFLsmp6GFA
uZJViaajQWE,aWf7nRjRh2c
uZJViaajQWE,AqM_oMqFB3Q
uZJViaajQWE,bAS5RNTms98
-2kZMfm1jlE,fu9__50sqO4
Xx5v7IY1sDA,6vQrjxd6mr8
Xx5v7IY1sDA,S0BV5qy-H0g
iz3gCjfjzDI,LNhTFYZQb3A
iz3gCjfjzDI,E5b9TeunwMw
iz3gCjfjzDI,SaoTJsHekHA
iz3gCjfjzDI,K-LFFwkutEQ
iz3gCjfjzDI,ljw-LkPpD3Y
iz3gCjfjzDI,rFZ2hVbvXNs
iz3gCjfjzDI,I1s9gMxL3IE
iz3gCjfjzDI,zbNWCv2tmYo
ljw-LkPpD3Y,zbNWCv2tmYo
ljw-LkPpD3Y,ghTsXJhxi-Q
ljw-LkPpD3Y,VV58YxLldHY
ljw-LkPpD3Y,Ci5wIhS5Or0
ljw-LkPpD3Y,4flmSfWcsWk
ljw-LkPpD3Y,m3ZtKIi3xr0
ljw-LkPpD3Y,bitwsG0lvUU
ljw-LkPpD3Y,LQccaNBJ1C0
ljw-LkPpD3Y,JYlo3TwT5pk
ljw-LkPpD3Y,IAM91tmc83M
fJyqcV4YYSU,fu9__50sqO4
kvQToWGBoNk,ybadhoHjH4Q
LNhTFYZQb3A,fu9__50sqO4
LNhTFYZQb3A,zbNWCv2tmYo
LNhTFYZQb3A,L2eWM4-wj_w
LNhTFYZQb3A,B08ry6oWMyo
LNhTFYZQb3A,j4Xp8IpVa-o
LNhTFYZQb3A,0G3Yab-2w7U
fu9__50sqO4,3Vm2C-Uy8_Y
fu9__50sqO4,1E9pDc0CeSY
fu9__50sqO4,S0BV5qy-H0g
fu9__50sqO4,hCJz2FTHuh0
fu9__50sqO4,zbNWCv2tmYo
fu9__50sqO4,S2ZYHQm9LJI
fu9__50sqO4,UflpOoFWtGI
fu9__50sqO4,ugj6Hbea6S0
fu9__50sqO4,JBNGAskmYrw
fu9__50sqO4,thdn22v0b7k
3Vm2C-Uy8_Y,L2wonwbmTzE
hCJz2FTHuh0,ldBewApRLww
hCJz2FTHuh0,5hTk2vq16D8
hCJz2FTHuh0,L2wonwbmTzE
rFZ2hVbvXNs,zbNWCv2tmYo
wgKlFNGU174,BNKqnj8Kusw
wgKlFNGU174,oU6dsY0bJEg
wgKlFNGU174,ugj6Hbea6S0
wgKlFNGU174,ldBewApRLww
wgKlFNGU174,5IQUILGHktI
wgKlFNGU174,_ERHc0FRUu0
wgKlFNGU174,j4Xp8IpVa-o
wgKlFNGU174,thdn22v0b7k
ldBewApRLww,xjksGrapobQ
ldBewApRLww,hdYr59E04ik
ldBewApRLww,WBYIqjUSJbM
ldBewApRLww,ulOTSgDIUrk
ldBewApRLww,cnKkwhTAA4Y
ldBewApRLww,3lQnldfwIB8
ldBewApRLww,3N-GilQSQBQ
ldBewApRLww,L2eWM4-wj_w
ldBewApRLww,LaBm6RJQ1E4
ldBewApRLww,ajyvE1ArUHo
ldBewApRLww,4WJa_TA979I
ldBewApRLww,JBNGAskmYrw
ldBewApRLww,B08ry6oWMyo
ldBewApRLww,Qbk_at5fZqc
ldBewApRLww,QVhDEWanAQU
j4Xp8IpVa-o,L2eWM4-wj_w
j4Xp8IpVa-o,ep4Zs9PxUc0
j4Xp8IpVa-o,cp6fTSclu6Y
j4Xp8IpVa-o,QSkV8-0m0SM
j4Xp8IpVa-o,5hTk2vq16D8
j4Xp8IpVa-o,L2wonwbmTzE
sqJeESvl_ws,thdn22v0b7k
zbNWCv2tmYo,9VdYvW-R9r8
zbNWCv2tmYo,nm6phOkf5hc
L2eWM4-wj_w,thdn22v0b7k
L2eWM4-wj_w,gP-XID743xA
L2eWM4-wj_w,ep4Zs9PxUc0
L2eWM4-wj_w,S_TBv8k-Tt0
L2eWM4-wj_w,Qbk_at5fZqc
L2eWM4-wj_w,QVhDEWanAQU
L2eWM4-wj_w,u-QLWkfVx6Q
L2eWM4-wj_w,3lQnldfwIB8
L2eWM4-wj_w,hdYr59E04ik
L2eWM4-wj_w,QSkV8-0m0SM
L2eWM4-wj_w,DiWFNyYug54
L2eWM4-wj_w,L2wonwbmTzE
L2eWM4-wj_w,UflpOoFWtGI
L2eWM4-wj_w,UvyemMowBl4
L2eWM4-wj_w,ajyvE1ArUHo
L2eWM4-wj_w,5zTOmMJ5oAk
L2eWM4-wj_w,P0FAaVkn10E
L2eWM4-wj_w,M5gAnFN1k7E
L2eWM4-wj_w,ulOTSgDIUrk
L2eWM4-wj_w,E8Zf9xHkHLQ
L2eWM4-wj_w,cp6fTSclu6Y
L2eWM4-wj_w,FoRhug4hQiU
L2eWM4-wj_w,5hTk2vq16D8
L2eWM4-wj_w,o_ouo_PJxkw
thdn22v0b7k,UvyemMowBl4
thdn22v0b7k,ENF3UjYMMpc
thdn22v0b7k,hdYr59E04ik
thdn22v0b7k,9UHkxGXgj5w
thdn22v0b7k,FoRhug4hQiU
thdn22v0b7k,L2wonwbmTzE
ep4Zs9PxUc0,UvyemMowBl4
ep4Zs9PxUc0,98eopLWzsHk
ep4Zs9PxUc0,CTaT4CkKEA8
ep4Zs9PxUc0,9UHkxGXgj5w
ep4Zs9PxUc0,5zTOmMJ5oAk
ep4Zs9PxUc0,S2ZYHQm9LJI
ep4Zs9PxUc0,3EsosCwELN8
ep4Zs9PxUc0,QSkV8-0m0SM
ep4Zs9PxUc0,ulOTSgDIUrk
ep4Zs9PxUc0,FoRhug4hQiU
u-QLWkfVx6Q,B08ry6oWMyo
u-QLWkfVx6Q,L2wonwbmTzE
L2wonwbmTzE,FoRhug4hQiU
L2wonwbmTzE,UvyemMowBl4
L2wonwbmTzE,5zTOmMJ5oAk
L2wonwbmTzE,ccg1xxVXop4
xjksGrapobQ,B08ry6oWMyo
xjksGrapobQ,o_ouo_PJxkw
B08ry6oWMyo,mfLm6Z9oiTY
B08ry6oWMyo,bbetYpYH-gI
B08ry6oWMyo,YbMrNspLnMg
B08ry6oWMyo,D3GqqIUE7Dw
B08ry6oWMyo,TsNfqkZgcI4
B08ry6oWMyo,hdYr59E04ik
B08ry6oWMyo,JtpmZ39ffTY
B08ry6oWMyo,LaBm6RJQ1E4
mfLm6Z9oiTY,bvr21333j0c
mfLm6Z9oiTY,0G3Yab-2w7U
mfLm6Z9oiTY,HMq05Q1baq8
mfLm6Z9oiTY,cnKkwhTAA4Y
mfLm6Z9oiTY,TsNfqkZgcI4
mfLm6Z9oiTY,IGMOLWCJDqI
mfLm6Z9oiTY,LaBm6RJQ1E4
mfLm6Z9oiTY,ugj6Hbea6S0
mfLm6Z9oiTY,qD8ZeqU9sjs
mfLm6Z9oiTY,ulOTSgDIUrk
TsNfqkZgcI4,ulOTSgDIUrk
JtpmZ39ffTY,FoRhug4hQiU
VV58YxLldHY,9MwrVbvHZdU
Ci5wIhS5Or0,9MwrVbvHZdU
kzToJYykCdA,ZTmjWBXGgAo
kzToJYykCdA,Ivb0h4xyN1w
kzToJYykCdA,QNrAA1Uq9cc
kzToJYykCdA,t1j16lVSOD4
kzToJYykCdA,BfMgCYUXptk
kzToJYykCdA,8oCcvwaKdio
kzToJYykCdA,LCQ01ArcHPg
kzToJYykCdA,aAAt1BqXRPk
kzToJYykCdA,atvQB8gNosE
kzToJYykCdA,3GlHmikgj1g
9VdYvW-R9r8,UUD37YbbV3U
UUD37YbbV3U,A015nfKXRhs
UUD37YbbV3U,Ru0tZh6--qY
UUD37YbbV3U,tR5Yc5BG5UQ
UUD37YbbV3U,REweKmw8lmg
UUD37YbbV3U,SuzPw7LDWYU
UUD37YbbV3U,FUn_9zDAYlU
UUD37YbbV3U,bbwuqjKA3Qg
UUD37YbbV3U,fzl8gQ198j4
aWf7nRjRh2c,qGnEd7RcdOw
aWf7nRjRh2c,6-GK7yJ3QQU
aWf7nRjRh2c,o_ouo_PJxkw
ulOTSgDIUrk,UvyemMowBl4
ulOTSgDIUrk,-p3GevlP4RQ
ulOTSgDIUrk,cp6fTSclu6Y
ulOTSgDIUrk,JpwzIT13uHU
ulOTSgDIUrk,qi0h0hdo3uU
ulOTSgDIUrk,5QD5bf6h8Z4
ulOTSgDIUrk,aGECnSnHIhc
ulOTSgDIUrk,qD8ZeqU9sjs
cnKkwhTAA4Y,QSkV8-0m0SM
lEFLsmp6GFA,DLvC_r6GeFs
9MwrVbvHZdU,RAum1H8P0pI
9MwrVbvHZdU,osfOsoXtC-Y
9MwrVbvHZdU,3GAhsk-jYU8
9MwrVbvHZdU,MsYGz4F5Gww
9MwrVbvHZdU,7f2oW0dAhDw
9MwrVbvHZdU,g-rVNQBP8X8
9MwrVbvHZdU,Zys91omKoww
9MwrVbvHZdU,wD1-DxxAcFU
RAum1H8P0pI,Xt7tfAYxrdY
RDSLo3lcIuY,APsRKHzWHxg
RDSLo3lcIuY,yBlrGqcw_Ys
RDSLo3lcIuY,I6WNckQC6jg
RDSLo3lcIuY,gmnbBrqoYtc
RDSLo3lcIuY,KXcMYmBP2To
RDSLo3lcIuY,nW6iTeQ4xno
RDSLo3lcIuY,cG7iQv8nAsA
RDSLo3lcIuY,eb0sVdXCtXg
S2ZYHQm9LJI,cp6fTSclu6Y
S2ZYHQm9LJI,5hTk2vq16D8
QSkV8-0m0SM,UvyemMowBl4
QSkV8-0m0SM,x6Acjlxjmh8
QSkV8-0m0SM,sk9-AA9UWpQ
QSkV8-0m0SM,cp6fTSclu6Y
QSkV8-0m0SM,SxoIFf1gLog
QSkV8-0m0SM,yvh1rSs8omE
QSkV8-0m0SM,FoRhug4hQiU
QSkV8-0m0SM,qg5yMkdZupw
IGMOLWCJDqI,5hTk2vq16D8
HRSN5Ygj8es,Ay3zmffA1Ac
HRSN5Ygj8es,SxoIFf1gLog
HRSN5Ygj8es,zz0p3CzuVHw
HRSN5Ygj8es,Gig0-0_X-bM
HRSN5Ygj8es,MJrrM485Oww
HRSN5Ygj8es,ylmcBjI8txQ
HRSN5Ygj8es,L8bij7HIiMc
HRSN5Ygj8es,0JZcHovANPo
HRSN5Ygj8es,cFI9dKKco08
HRSN5Ygj8es,m-aVQ6GBWTc
UflpOoFWtGI,cp6fTSclu6Y
UflpOoFWtGI,FoRhug4hQiU
UvyemMowBl4,cp6fTSclu6Y
UvyemMowBl4,FoRhug4hQiU
UvyemMowBl4,5hTk2vq16D8
UvyemMowBl4,o_ouo_PJxkw
cp6fTSclu6Y,-aBh51sVvfM
cp6fTSclu6Y,0zmGFL_ZUyw
cp6fTSclu6Y,RngDB8_BBIQ
cp6fTSclu6Y,o_ouo_PJxkw
Xt7tfAYxrdY,vc0OCwAqjgc
Xt7tfAYxrdY,MVMW-s73TFk
Xt7tfAYxrdY,uwJf8O1Skks
Xt7tfAYxrdY,kBsB96sjrSU
Xt7tfAYxrdY,AvslJ37tVE4
Xt7tfAYxrdY,iNLE-hKcUQo
Xt7tfAYxrdY,_bXBajqzVFo
Xt7tfAYxrdY,S7BYtBO1ebY
Xt7tfAYxrdY,I025aivigOs
98eopLWzsHk,5hTk2vq16D8
CTaT4CkKEA8,5hTk2vq16D8
9UHkxGXgj5w,FoRhug4hQiU
9UHkxGXgj5w,o_ouo_PJxkw
FoRhug4hQiU,ccg1xxVXop4
FoRhug4hQiU,o_ouo_PJxkw
5hTk2vq16D8,UZ_h-IgPFEI
5hTk2vq16D8,aoCrzgSB2IM
5hTk2vq16D8,DjK0NU2viVk
o_ouo_PJxkw,WiUrmRSumng
o_ouo_PJxkw,OMWcvqk_Ff0
